SDAI FOSS;https://f-droid.org/en/packages/com.shifthackz.aisdv1.app.foss/index.html;Generate Stable Diffusion AI assets on your own WebUI server instanceStable Diffusion AI is an easytouse app that lets you quickly generate images from text or other images with just a few clicks With Stable Diffusion AI you can communicate with your own server and generate highquality images in secondsStable Diffusion AI comes with a simple and intuitive user interface that allows you to select the type of image you want to generate enter the necessary parameters and generate your image in just a few clicks Whether you want to convert text to an image or transform one image into another Stable Diffusion AI makes it easy and efficientStable Diffusion AI is highly customizable and adaptable allowing you to connect to any userdefined automatic WebUI server and adjust the settings to meet your specific needs With its fast and reliable image generation capabilities Stable Diffusion AI is the perfect tool for developers designers and anyone who needs to quickly generate images on the goTry Stable Diffusion AI today and experience the power and convenience of mobile image generation at your fingertips;https://f-droid.org/repo/com.shifthackz.aisdv1.app.foss_182.apk;This version requires Android 7.0 or newer.;https://github.com/ShiftHackZ/Stable-Diffusion-Android;https://github.com/ShiftHackZ/Stable-Diffusion-Android/issues;0.6.2;view network connections <-> take pictures and videos <-> have full network access <-> android.permission.MANAGE_EXTERNAL_STORAGE <-> show notifications <-> read the contents of your shared storage <-> read image files from shared storage <-> prevent phone from sleeping <-> modify or delete the contents of your shared storage <-> com.shifthackz.aisdv1.app.foss.DYNAMIC_RECEIVER_NOT_EXPORTED_PERMISSION <-> 
Tux Paint;https://f-droid.org/en/packages/org.tuxpaint/index.html;Tux Paint is a free awardwinning drawing program for children ages 3 to 12 for example preschool and K6 Tux Paint is used in schools around the world as a computer literacy drawing activity It combines an easytouse interface fun sound effects and an encouraging cartoon mascot who guides children as they use the program;https://f-droid.org/repo/org.tuxpaint_9330.apk;This version requires Android 5.0 or newer.;https://github.com/tux4kids/Tuxpaint-Android;https://sourceforge.net/p/tuxpaint/bugs/?source=navbar;0.9.33;pair with Bluetooth devices <-> connect to paired Bluetooth devices <-> read the contents of your shared storage <-> read image files from shared storage <-> modify or delete the contents of your shared storage <-> org.tuxpaint.DYNAMIC_RECEIVER_NOT_EXPORTED_PERMISSION <-> 
Aves Libre;https://f-droid.org/en/packages/deckers.thibault.aves.libre/index.html;Aves can handle all sorts of images and videos including your typical JPEGs and MP4s but also more exotic things like multipage TIFFs SVGs old AVIs and more It scans your media collection to identify motion photos panoramas aka photo spheres 360A videos as well as GeoTIFF filesNavigation and search is an important part of Aves The goal is for users to easily flow from albums to photos to tags to maps etcAves integrates with Android from KitKat to Android 14 including Android TV with features such as widgets app shortcuts screen saver and global search handling It also works as a media viewer and picker;https://f-droid.org/repo/deckers.thibault.aves.libre_12704.apk;This version requires Android 5.0 or newer.;https://github.com/deckerst/aves;https://github.com/deckerst/aves/issues;1.11.8;read locations from your media collection <-> view network connections <-> view Wi-Fi connections <-> run foreground service <-> run foreground service with the type "dataSync" <->  <-> have full network access <-> android.permission.MANAGE_MEDIA <-> show notifications <-> read the contents of your shared storage <-> read image files from shared storage <-> read video files from shared storage <-> read user selected image and video files from shared storage <-> run at startup <-> set wallpaper <-> use biometric hardware <-> use fingerprint hardware <-> prevent phone from sleeping <-> modify or delete the contents of your shared storage <-> install shortcuts <-> deckers.thibault.aves.libre.DYNAMIC_RECEIVER_NOT_EXPORTED_PERMISSION <-> 
Easter Eggs;https://f-droid.org/en/packages/com.dede.android_eggs/index.html;Collections the Android release Easter EggExcept for Android 13 12 11 and 7 which use new features of the system the lower version can only use some functions and other versions are full of egg functionsThe project contains the system egg complete code only do part of the API compatibilityGitHubi14httpsgithubcomhushenghaoAndroidEasterEggsSystem source codehttpscsandroidcomandroidplatformsuperprojectmain;https://f-droid.org/repo/com.dede.android_eggs_43.apk;This version requires Android 5.0 or newer.;https://github.com/hushenghao/AndroidEasterEggs;https://github.com/hushenghao/AndroidEasterEggs/issues;43;android.permission.BIND_CONTROLS <-> show notifications <-> read the contents of your shared storage <-> android.permission.SUBSTITUTE_NOTIFICATION_APP_NAME <-> control vibration <-> modify or delete the contents of your shared storage <-> install shortcuts <-> com.dede.android_eggs.DYNAMIC_RECEIVER_NOT_EXPORTED_PERMISSION <-> 
Imagepipe;https://f-droid.org/en/packages/de.kaffeemitkoffein.imagepipe/index.html;This app reduces image size by changing the resolution and quality of the image It also removes exif data before sending the image The modified image is saved in a separate folder in jpeg format The original image remains unchangedImagepipe will receive a send intent for images modify the image and send the changed image onward Therefore it takes you only one touch to pipe the image before sendingThe image can also be edited with Imagepipe;https://f-droid.org/repo/de.kaffeemitkoffein.imagepipe_48.apk;This version requires Android 4.0 or newer.;https://codeberg.org/Starfish/Imagepipe;https://codeberg.org/Starfish/Imagepipe/issues;0.69;read the contents of your shared storage <-> read image files from shared storage <-> modify or delete the contents of your shared storage <-> 
Gallery for PhotoPrism;https://f-droid.org/en/packages/ua.com.radiokot.photoprism/index.html;This app brings a convenient mobile gallery experience for PhotoPrismIt does not support all the official web app functionality but nevertheless has plenty of useful features Sending photos and videos to Gmail Telegram or any other app Grouping the content by days and months Timeline scroll that lets you quickly jump to a specific month Configurable search Search bookmarks that let you save search configurations and apply them later Enhanced live photo viewer which works best with Samsung and Apple shots Fullscreen slideshow with configurable speed and video autoplay Deleting items without archiving them first Importing photos and videos trough sharing Endless session without the need to reenter the password Connection to both private and public libraries Support of mTLS mutual TLS HTTP basic auth and SSO like Authelia Cloudflare Access etc TV compatibility to easily browse your library with a remotecontrol Search is only available with a mouse for nowThe gallery runs on Android 50 and it is confirmed to work with PhotoPrism versions from July 11 2024 down to October 9 2021This is a free opensource app under the GPLv3 license httpsgithubcomRadiokotphotoprismandroidclient;https://f-droid.org/repo/ua.com.radiokot.photoprism_42.apk;This version requires Android 5.0 or newer.;https://github.com/Radiokot/photoprism-android-client;https://github.com/Radiokot/photoprism-android-client/issues;42;read locations from your media collection <-> view network connections <-> run foreground service <-> run foreground service with the type "dataSync" <-> have full network access <-> show notifications <-> read the contents of your shared storage <-> run at startup <-> prevent phone from sleeping <-> modify or delete the contents of your shared storage <-> ua.com.radiokot.photoprism.DYNAMIC_RECEIVER_NOT_EXPORTED_PERMISSION <-> 
Nextcloud Yaga;https://f-droid.org/en/packages/com.github.vauvenal5.yaga/index.html;Nextcloud Yaga is a Nextcloud first gallery app It aimes to give you the full functionality of a modern gallery app while utilizing your private Nextcloud server as backendYou can find the documentation here httpsvauvenal5githubioyagadocsFor details on the development state and currently implemented features have a look on the Github page httpsgithubcomvauvenal5yaga;https://f-droid.org/repo/com.github.vauvenal5.yaga_4300.apk;This version requires Android 7.0 or newer.;https://github.com/vauvenal5/yaga;https://github.com/vauvenal5/yaga/issues;0.43.0;read locations from your media collection <-> run foreground service <-> have full network access <-> android.permission.MANAGE_MEDIA <-> read the contents of your shared storage <-> read image files from shared storage <-> run at startup <-> Schedule precisely timed actions <-> prevent phone from sleeping <-> modify or delete the contents of your shared storage <-> com.github.vauvenal5.yaga.DYNAMIC_RECEIVER_NOT_EXPORTED_PERMISSION <-> 
Play NotePad;https://f-droid.org/en/packages/com.mshdabiola.playnotepad.foss/index.html;Play NotePad Organize Your Life in StyleStay on top of your personal and professional life with Play NotePad a featurerich notetaking app designed for efficiencyMAIN FEATURES Effortless Note Taking Create and edit text notes attach photos and drawings or record audio for onthego capture Enhanced Organization Categorize notes with labels set reminders for deadlines and prioritize tasks with pinning Visual Appeal Personalize your note backgrounds with colors and images and choose between list or column view for easy navigation Offline Access Never lose your notes even without an internet connection Seamless Collaboration Share notes via email or messaging for effective teamworkPlay NotePad is more than just a notepad  its your essential companion for managing and organizing your notes in styleSource codehttpgithubcommshdabiolanotepad;https://f-droid.org/repo/com.mshdabiola.playnotepad.foss_130.apk;This version requires Android 7.0 or newer.;https://github.com/mshdabiola/NotePad;https://github.com/mshdabiola/NotePad/issues;1.3.0;view network connections <-> have full network access <-> show notifications <-> record audio <-> reorder running apps <-> com.mshdabiola.playnotepad.foss.DYNAMIC_RECEIVER_NOT_EXPORTED_PERMISSION <-> 
Photo Editor;https://f-droid.org/en/packages/com.burhanrashid52.photoediting/index.html; Drawing on image with option to change its Brushs Color Size Opacity and Erasing Apply Filter Effect on image using MediaEffect AddingEditing Text with option to change its color Adding Emoji with Custom Emoji Fonts Adding ImagesStickers Pinch to Scale and Rotate views Undo and Redo for Brush and Views Deleting Views Saving Photo after editing;https://f-droid.org/repo/com.burhanrashid52.photoediting_10.apk;This version requires Android 5.0 or newer.;https://github.com/burhanrashid52/PhotoEditor;https://github.com/burhanrashid52/PhotoEditor/issues;3.0.2;have full network access <-> read the contents of your shared storage <-> modify or delete the contents of your shared storage <-> com.burhanrashid52.photoediting.DYNAMIC_RECEIVER_NOT_EXPORTED_PERMISSION <-> 
Clock Screensaver;https://f-droid.org/en/packages/systems.sieber.fsclock/index.html;This app displays a simple fullscreen clock which can be used screensaver analog and digital clock can be activated or deactivated individually optional date and weekday view with custom format option displays alarms and appointments from Android calendar or internal event database adjustable background and clock color can be set as Android system screensaver DayDream on smartphones and tablets compatible with Android TV devices content can be moved slightly to prevent burnin on OLED displays;https://f-droid.org/repo/systems.sieber.fsclock_34.apk;This version requires Android 4.2 or newer.;https://github.com/schorschii/FsClock-Android;https://github.com/schorschii/FsClock-Android/issues;1.12.2;have full network access <-> Read calendar events and details <-> read the contents of your shared storage <-> 
Souvenirs;https://f-droid.org/en/packages/fr.nuage.souvenirs/index.html;Make photo albums add text video sound and handwritten annotations Support for photosphere image format in viewerUpload your albums on a Nextcloud server and share them with family and friendsTo upload an album to a Nextcloud instance you will needthe Nextcloud Souvenir application installed on the instancethe Nextcloud Android client installed and configured on your Android device with at least one working account Synchronisation with your Nextcloud account is done via this app on your device  on Souvenirs app go to settings and select your Nextcloud accountYet an other gallery appOld school paper albums are not just a collection of time ordered photos they are visuals and texts organised to tell a story make you remember a moment in the pastThe goal of this app is to mimic a full photo album though image spacial organisation text and hand drawings giving you the tools to express and store your memories souvenirs in french With a touch of more modern items such as video and soundWell at least trying to do it that way with my amateur android programming skillsAlbum structureAlbum are composed of several pages where you can include image or text blocsImages and text blocs are organised in tiles fully covering the page You can panzoom each images and handwritten annotations over them You can also manually resize the tiles for a more custom layoutPermission explained  the application need the following permissions INTERNET  used exclusively to uploaddownload albums from the nextcloud serverWRITEEXTERNALSTORAGE  optional used only if you want to export your album in a PDF fileRECORDAUDIO  optional only used if you want to insert sound from your microphoneThe following third party libraries are used by this app The media loading library GlideThe Nextcloud Single Sign On libraryThe retrofit http clientThe photo sphere viewer javascript library;https://f-droid.org/repo/fr.nuage.souvenirs_35.apk;This version requires Android 7.0 or newer.;https://github.com/zorgluf/souvenirs-android;https://github.com/zorgluf/souvenirs-android/issues;2.9.1;view network connections <-> find accounts on the device <-> have full network access <-> show notifications <-> read the contents of your shared storage <-> record audio <-> modify or delete the contents of your shared storage <-> fr.nuage.souvenirs.DYNAMIC_RECEIVER_NOT_EXPORTED_PERMISSION <-> 
VES - Image and Photo Compare;https://f-droid.org/en/packages/com.vincentengelsoftware.vesandroidimagecompare/index.html;Photo Compare App  Uncover the finest details in your imagesStruggling to decide between similar visuals Our Visual Comparison App makes it easy to discern even the subtlest differences Ideal for beforeandafter pictures images photos and snapshotsDo you have pictures that look similar and you cant decide which one you like better With this app you can compare two pictures in different ways to find out which one is better Through the various comparison options you can quickly and easily determine even minor differences in the picturesPerfect for comparing before and after pictures before and after images and before and after photosThe App offers the following options to easily compare two similar photos Take photos with your camera or load them from your gallery Share images and photos directly to the app to compare them Rotate the images before comparing them Resize the images to fit them to the screen Zoom into each image individually or synchronouslyComparison modes Side by Side Show the images side by side Overlay Tap Place the images behind each other and tap on the screen to quickly switch between them Overlay Slide Place the images behind each other and adjust the width of the image in the front Transparent Place the images behind each other and adjust the transparency of the image in the front Overlay Cut Cut the image from one point to another in a straight line MetaData Beta Show all Meta Data like Exif Data side by sideNO ADS and Privacy friendly This App does not need access to the internet All information is saved locally in your Apps Cache and can be deleted at any time through your Device SettingsYou can contact me using this EMail address vincentengelsoftwaregmailcom;https://f-droid.org/repo/com.vincentengelsoftware.vesandroidimagecompare_43.apk;This version requires Android 9.0 or newer.;https://github.com/VincentEngel/VES-Image-Compare;https://github.com/VincentEngel/VES-Image-Compare/issues;2.2.8;take pictures and videos <-> com.vincentengelsoftware.vesandroidimagecompare.DYNAMIC_RECEIVER_NOT_EXPORTED_PERMISSION <-> 
FreePaint;https://f-droid.org/en/packages/io.github.pastthepixels.freepaint/index.html;FreePaint is a vector graphics drawing program for Android Select a tool and turn your ideas into SVGs FEATURING Material Design 3 with dynamic colors Custom document sizes fillstroke colors and stroke sizes Eraser tool erases shapes from closed paths or points from open paths Savingloading SVG files Using FreePaint Paint toolUsing this tool you can either draw open or closed paths Simply go to the overflow menu  Settings to access this and more options Eraser toolWhen you select this tool you can draw a shape to define the area you wish to erase One of two things can happen depending on which path you want to erase fromFor closed paths the entire path will become green and you can draw a shape to erase from the pathFor open paths individual points will become highlighted and if those points are included in your eraser path they will be deleted Erasing a point inside a path will create 2 new paths Panzoom toolWith one finger you can pan across the document If you pinch the screen with two itll zoom in and out from the center Selection toolYou can draw a rectangle for an area you wish to select marquee select If any paths overlap that area they will become selected and the rectangle will resize to include the selected pathsYou can drag on that rectangle to move those paths or draw on an empty space to create a new selection;https://f-droid.org/repo/io.github.pastthepixels.freepaint_5.apk;This version requires Android 7.0 or newer.;https://github.com/pastthepixels/FreePaint;https://github.com/pastthepixels/FreePaint/issues;1.2.0;io.github.pastthepixels.freepaint.DYNAMIC_RECEIVER_NOT_EXPORTED_PERMISSION <-> 
Memories: Photo Management for Nextcloud;https://f-droid.org/en/packages/gallery.memories/index.html; Features      Timeline Sort photos and videos by date taken parsed from Exif data    aa Rewind Jump to any time in the past instantly and relive your memories     AI Tagging Group photos by people and objects powered by recognize and facerecognition    14i  Albums Create albums to group photos and videos together Then share these albums with others    a2 External Sharing Share photos and videos with people outside of your Nextcloud instance     Mobile Support Work from any device of any shape and size through the web app    ai  Edit Metadata Edit dates and other metadata on photos quickly and in bulk     Archive Store photos you dont want to see in your timeline in a separate folder    1 Video Transcoding Transcode videos and use HLS for maximal performance    oi  Map View your photos on a map tagged with accurate reverse geocoding     Migration Migrate easily from Nextcloud Photos and Google Takeout    ai  Performance Do all this very fastFor automatic uploads you can use the official Nextcloud mobile apps;https://f-droid.org/repo/gallery.memories_12.apk;This version requires Android 8.1 or newer.;https://github.com/pulsejet/memories;https://github.com/pulsejet/memories/issues;1.12;android.permission.ACCESS_DOWNLOAD_MANAGER <-> view network connections <-> have full network access <-> read the contents of your shared storage <-> read image files from shared storage <-> read video files from shared storage <-> gallery.memories.DYNAMIC_RECEIVER_NOT_EXPORTED_PERMISSION <-> 
Les Pas - Photo Album for Nextcloud;https://f-droid.org/en/packages/site.leos.apps.lespas/index.html;Les Pas is a free modern lightweight and fast gallery app Organize your photos GIFs and videos into albums for easy viewing and sharing With builtin twoway sync with your Nextcloud server your files are kept private secure and safeManaging Syncing and Archiving   Organize your media files in albums   Easy media importing by simply sharing files to Les Pas   Manage media files in your phones gallery and auto backup to server each media folder in your phone has its own backup setting   Integrate with Snapseed for photo editing   Support adding caption to photo   Synchronization works with Nextcloud server and among multiple devices edit albums on Nextcloud server and on all your mobile devices simultaneously   Support Remote Album which have all its media file stored in Nextcloud server only free up Phones storage   Search for photos by objects with AI   Search photos by location   Support GPX importing so that you can easily add GPS location data to pictures shoot on your digital camera   Support Nextclouds external storage   Beautiful theme inspired by works of Wes Anderson   Support standard media format plus RAW and HDR photosSharing   Share albums and album slideshow with other Nextcloud users groups and circles   Unique Joint Album feature which you and other Nextcloud users can edit together   Export GPX file from album you can share your adventure with othersPrivacy focus   Media files and thumbnails are all saved in Apps private storage stop being scanned by malicious apps   Option provided to strip photos EXIF before sharing to other social networks   Option to hide album both in Phone and on server   Authenticate on your Nextcloud server with your Nextclouds credential   OpensourceAny apps that can do the above is merely a media file manager with a fancy UI Les Pas does not stop here it strives to provide ways of utilizing your photos The past shouldnt be resting in the harddrive make all those memories shine    Integrate with Muzei Live Wallpaper app deliver Today in History pictures right on your phones desktop    Album slideshow with background music    Unique Slideshow on Map feature which runs album slideshow on Map    Support photo blogging in three ready made templates With selected pictures and caption you added you can share your stories with the worldThis project build using the following open source software OkHttp httpssquaregithubiookhttp PhotoView httpsgithubcomchrisbanesPhotoView osmdroid httpsgithubcomosmdroidosmdroid Android Open Source Project httpssourceandroidcom TensorFlow httpswwwtensorfloworg OpenStreetMap httpswwwopenstreetmaporg;https://f-droid.org/repo/site.leos.apps.lespas_99.apk;This version requires Android 7.1 or newer.;https://github.com/scubajeff/lespas;https://github.com/scubajeff/lespas/issues;2.9.10;read locations from your media collection <-> view network connections <-> run foreground service <-> have full network access <-> android.permission.MANAGE_MEDIA <-> show notifications <-> read the contents of your shared storage <-> read audio files from shared storage <-> read image files from shared storage <-> read video files from shared storage <-> read sync settings <-> read sync statistics <-> run at startup <-> use biometric hardware <-> use fingerprint hardware <-> prevent phone from sleeping <-> modify or delete the contents of your shared storage <-> modify system settings <-> toggle sync on and off <-> site.leos.apps.lespas.DYNAMIC_RECEIVER_NOT_EXPORTED_PERMISSION <-> 
FeinstaubWidget;https://f-droid.org/en/packages/de.kaffeemitkoffein.feinstaubwidget/index.html;The OK Lab Stuttgart has a project to build fine particulate matter sensors by yourself The data can then be sent to the database of httpsluftdateninfo This app shows you data from this network It is not necessary to operate an own sensor to use this appCurrently supported sensor types are SDS011 SDS021 HPM DHT11 DHT22 HTU21D BME280 temperature  humidity onlyBesides the main application this app also provides three widgetsA small widget that takes minimum space and displays the most current data as textA large widget that displays the most current data and draws charts for fine particulate matter temperature and humidityA large widget that displays the particulate matter concentrations from the sensors around youThis app requires Android 44 to runYou can find a short manual and the privacy policy here httpscodebergorgStarfishFeinstaubwidgetwiki;https://f-droid.org/repo/de.kaffeemitkoffein.feinstaubwidget_34.apk;This version requires Android 4.4 or newer.;https://codeberg.org/Starfish/Feinstaubwidget;https://codeberg.org/Starfish/Feinstaubwidget/issues;0.78;access location in the background <-> access approximate location only in the foreground <-> access precise location only in the foreground <-> view network connections <-> have full network access <-> run at startup <-> 
Exif Thumbnail Adder;https://f-droid.org/en/packages/com.exifthumbnailadder.app/index.html;This application for android devices searches for pictures JPEG on your device and adds a thumbnail if they dont have one yet Thumbnails are added to the EXIF metadata structureIt is designed to work from android Oreo android 8 SDK 26Please report issues here httpsgithubcomtenzapexifthumbnailadderissuesFor more information some known facts and how you may contribute refer to the project homepage1RationaleOn some smartphones when wanting to import pictures to Windows or any deviceoperating system supporting MTP or PTP protocols I noticed the pictures may not display a thumbnail in the import wizard whether through the Photos app or through the Windows Explorer import featureThere are two possible reasons for that behaviour First the thumbnail is not present in the picture usually because the app that created the picture didnt add a thumbnail Second there is a thumbnail but it is ignored because some EXIF tags are missingFeatures Add thumbnail to pictures JPEG that dont yet have one Lanczos algorithm to downsample picture thanks to FFmpegs swscale library2 for best results Select one or more folders to scan from any storage internal SDCard For example DCIM Pictures Exclude one subdirectory from selected directories Preserve timestamps of the pictures Processing log Synchronize deleted files in the source directory to the backup and working directory so that you dont keep in the backup folder pictures you dont have anymore in the source folder Conservative default options backup pictures skip corrupt files Install app on internal storage or external storage Default EXIF library Exiv23 Alternative libraries AndroidExifExtended libexif pixymetaandroid See known facts on project page to learn more on benefits and drawbacks of each library Settings a Rotate the thumbnaila Replace existing thumbnaila Backup of original pictures backup is never overwritten by the app once created if you choose to add the thumbnail to the input file in its initial locationa Skip pictures having malformed metadata this can be disabled to process also files having corrupt tagsa Replace picture in place or write new picture to another directoryRequested permissions WRITEEXTERNALSTORAGE READEXTERNALSTORAGE READMEDIAIMAGES MANAGEEXTERNALSTORAGE ACCESSMEDIALOCATION POSTNOTIFICATIONS get more details on the project homepageInstallation Prerequisites minimum android Oreo android 8 SDK 26 App was tested up to Android 11 Download it through FDroid app here4 Download the APK from the release page5LicenseGPL30 see COPYING file on project homepageURLs 1 httpsgithubcomtenzapexifthumbnailadder 2 httpsffmpegorglibswscalehtml 3 httpswwwexiv2org 4 a 5 httpsgithubcomtenzapexifthumbnailadderreleases;https://f-droid.org/repo/com.exifthumbnailadder.app_724.apk;This version requires Android 8.0 or newer.;https://github.com/tenzap/exif-thumbnail-adder;https://github.com/tenzap/exif-thumbnail-adder/issues;1.0.0;read locations from your media collection <-> view network connections <-> run foreground service <-> run foreground service with the type "dataSync" <-> android.permission.MANAGE_EXTERNAL_STORAGE <-> show notifications <-> read the contents of your shared storage <-> read image files from shared storage <-> run at startup <-> prevent phone from sleeping <-> modify or delete the contents of your shared storage <-> com.exifthumbnailadder.app.DYNAMIC_RECEIVER_NOT_EXPORTED_PERMISSION <-> 
Image Toolbox;https://f-droid.org/en/packages/ru.tech.imageresizershrinker/index.html;Image Toolbox with these a FeaturesBatch processingApplying filter chains More than 45 various filtersAES256 GCM No Padding files encryption and decryptionEXIF metadata editingdeletingLoading images from internetBackground Removing  By drawing Automatically Drawing on ImageBackground  Pen Neon Highlighter Image Resizing  Width changing Height changing Adaptive resize Resize retaining aspect ratio Resize by given limits Image Shrinking  Quality compressing Preset shrinking Reducing size by given weight in KB Cropping  Regular crop Crop by aspect ratio Crop with shape mask  Rounded Corners Cut Corners Oval Squircle Octagon Rounded Pentagon Clover David Star Kotlin Logo Heart Star Image Mask  Format Conversion  HEIF HEIC AVIF WEBP JPEG JPG PNG SVG GIF to WEBP PNG JPEG JPG HEIF HEIC AVIF Telegram sticker PNG format Color Utils  Palette generation Picking color from image Additional Features  Rotating Flipping Comparing images Previewing SVG GIF and almost all types of images Saving to any folder;https://f-droid.org/repo/ru.tech.imageresizershrinker_136.apk;This version requires Android 5.0 or newer.;https://github.com/T8RIN/ImageResizer;https://github.com/T8RIN/ImageResizer/issues;136;read locations from your media collection <-> view network connections <-> run foreground service <-> run foreground service with the type "mediaProjection" <-> have full network access <-> android.permission.PROJECT_MEDIA <-> read the contents of your shared storage <-> read image files from shared storage <-> modify or delete the contents of your shared storage <-> ru.tech.imageresizershrinker.DYNAMIC_RECEIVER_NOT_EXPORTED_PERMISSION <-> 
Metadata Remover;https://f-droid.org/en/packages/rocks.poopjournal.metadataremover/index.html;Protect your privacy by removing metadata from your photos before sharing them on the InternetFeaturesaai  View metadataaai  Image previewaai  Remove metadataaai  Simple and intuitive interfaceaai  Share directly from the appLearn moreWhenever you take a picture additional metadata is saved in the image fileMost smartphones do not inform you about thisMetadata can look like thisa On which day was the picture taken and at what timeaoi  And where exactlya Which camera or smartphone was useda What camera settings were useda Notes of the photographer or the cameraa More and more often even exact GPS coordinates are saved in your photoMetadata is sometimes very useful a for instance when sorting holiday photosAs soon as you share photos with others via social media all this info is visible publiclyData collectors and stalkers are more easily able to discover your place of residence or workplace from the metadata or draw conclusions about your daily routineTracking services create more comprehensive advertising profiles and sell your data to other organizationsUse the Metadata Remover to easily view all that data remove it entirely and then share the anonymized photo directlyThat way you stay anonymous and safe on the Internet while your friends can still admire your cute catHappy sharing 12;https://f-droid.org/repo/rocks.poopjournal.metadataremover_20020.apk;This version requires Android 5.0 or newer.;https://github.com/Crazy-Marvin/MetadataRemover;https://github.com/Crazy-Marvin/MetadataRemover/issues;20020;rocks.poopjournal.metadataremover.DYNAMIC_RECEIVER_NOT_EXPORTED_PERMISSION <-> 
Fossify Gallery;https://f-droid.org/en/packages/org.fossify.gallery/index.html;Unleash memories not personal data Fossify Gallery is the ultimate photo and video app thats as powerful as it is private No ads no unnecessary permissions a just a seamless experience tailored for you14i  PHOTO EDITING AT YOUR FINGERTIPSEnhance your photos with our basic yet powerful photo editor Crop resize rotate flip draw and apply stunning filters all without compromising your privacy Take control of your memories like never before PRIVACY FIRST ALWAYSYour privacy matters Ditch the datahungry giants Fossify Gallery puts you in control Strip away EXIF metadata like GPS coordinates and camera details keeping your memories yours and yours alone SUPERIOR SECURITYLock down your memories with pin pattern or fingerprint protection Secure specific photos videos or the entire app a you decide who gets access Peace of mind guaranteed RECOVER WITH EASEBreathe easy accidents happen Fossify Gallerys builtin recycle bin lets you recover deleted photos and videos in seconds No more lost treasures just pure relief  YOUR GALLERY YOUR STYLECustomize the look feel and functionality to match your style From UI themes to function buttons Fossify Gallery gives you the creative freedom you crave UNIVERSAL FORMAT FREEDOMJPEG PNG MP4 MKV RAW SVG GIF videos and more a weve got your memories covered in any format you choose No restrictions just limitless possibilitiesa  MATERIAL DESIGN WITH DYNAMIC THEMESExperience the beauty of intuitive material design with dynamic themes Want more Dive into custom themes and make your gallery truly uniqueExplore more apps by Fossify httpswwwfossifyorgOpenSource Code httpswwwgithubcomFossifyOrgJoin the community on Reddit httpswwwredditcomrFossifyConnect on Telegram httpstmeFossify;https://f-droid.org/repo/org.fossify.gallery_7.apk;This version requires Android 6.0 or newer.;https://github.com/FossifyOrg/Gallery;https://github.com/FossifyOrg/Gallery/issues;1.1.3;read locations from your media collection <-> android.permission.MANAGE_EXTERNAL_STORAGE <-> android.permission.MANAGE_MEDIA <-> show notifications <-> read the contents of your shared storage <-> read image files from shared storage <-> read video files from shared storage <-> run at startup <-> set wallpaper <-> use fingerprint hardware <-> modify or delete the contents of your shared storage <-> 
Open Stable Diffusion;https://f-droid.org/en/packages/com.openstablediffusion/index.html;A simple open source app for generating images images using stable diffusion Just enter the necessary parameters and generate the image;https://f-droid.org/repo/com.openstablediffusion_24.apk;This version requires Android 4.3 or newer.;https://github.com/Jokimax/OpenStableDiffusion;https://github.com/Jokimax/OpenStableDiffusion/issues;1.11;view network connections <-> have full network access <-> show notifications <-> read the contents of your shared storage <-> modify or delete the contents of your shared storage <-> com.openstablediffusion.DYNAMIC_RECEIVER_NOT_EXPORTED_PERMISSION <-> 
Gallery;https://f-droid.org/en/packages/com.dot.gallery/index.html;GalleryA for Android is a lightweight Media Gallery app for Android made with Jetpack Compose It supports albums favorites and more It also features an integrated video playerA Features Media Timeline screen where you can see all the photos videos  The Timeline screen is visible from the Main screen and inside each album Media is separated in groups by date   MultiSelect photos and videos to perform batch operations like  Mark as favorite Move to trash Share   Sort and Pin Albums  SortA  by Date Label Pin on top most loved albums   Quickly Access all the FavoritesA  Manage the Trashed Items from a single screen Custom Video Player powered by Media3 ExoPlayer Modern Material 3 Design Guidelines powered by Jetpack Compose Open Source Active Development;https://f-droid.org/repo/com.dot.gallery_21204.apk;This version requires Android 11 or newer.;https://github.com/IacobIonut01/Gallery;https://github.com/IacobIonut01/Gallery/issues;2.1.2;read locations from your media collection <-> view network connections <-> android.permission.MANAGE_EXTERNAL_STORAGE <-> android.permission.MANAGE_MEDIA <-> read the contents of your shared storage <-> read image files from shared storage <-> read video files from shared storage <-> com.dot.gallery.DYNAMIC_RECEIVER_NOT_EXPORTED_PERMISSION <-> 
Slideshow Wallpaper;https://f-droid.org/en/packages/io.github.doubi88.slideshowwallpaper/index.html;Icon imageSlideshow WallpaperAbout this appWith Slideshow Wallpaper You can easily create a slideshow for your home screen and your lock screen Just follow these easy steps1i a Select the images you want to see2i a Select Order interval and display mode3i a Set as backgroundYou can add and remove images at any timeAdvantages of Slideshow Wallpapera No permissions This app does not need any android permissions Not even internet It only receives the rights to read the images you select and revokes it when you remove thema No adsa Free open source software Slideshow Wallpaper is licensed under the GNU General Public License Version 3 The source code is available at httpswwwgithubcomDoubi88SlideshowWallpaper Feel free to suggest new features report bugs or open pull requests there;https://f-droid.org/repo/io.github.doubi88.slideshowwallpaper_9.apk;This version requires Android 4.3 or newer.;https://github.com/Doubi88/SlideshowWallpaper;https://github.com/Doubi88/SlideshowWallpaper/issues;1.2.0;io.github.doubi88.slideshowwallpaper.DYNAMIC_RECEIVER_NOT_EXPORTED_PERMISSION <-> 
CameraAlign;https://f-droid.org/en/packages/org.jshobbysoft.cameraalign/index.html;This app creates a semitransparent overlay of a picture on top of the phones camera preview  This allows the phone to be positioned in the same location and orientation as when the original picture was taken  Currently I use this app as a quick way to align the antennas for my software defined radios with a fixed point but there can be other uses as well  This app also has the capability to select a certain color to be transparent for green screen style overlays  The transparency can be applied to the image or the live camera preview  This app has no ads or inapp purchases and collects no data  Source code is available on GitHub JSHobbySoftCameraAlign  The source code is licensed under AGPL30orlater  The app icon was created with Stable Diffusion;https://f-droid.org/repo/org.jshobbysoft.cameraalign_9.apk;This version requires Android 7.0 or newer.;https://github.com/JS-HobbySoft/CameraAlign;https://github.com/JS-HobbySoft/CameraAlign/issues;3.2;take pictures and videos <-> read the contents of your shared storage <-> modify or delete the contents of your shared storage <-> org.jshobbysoft.cameraalign.DYNAMIC_RECEIVER_NOT_EXPORTED_PERMISSION <-> 
Pocket Paint;https://f-droid.org/en/packages/org.catrobat.paintroid/index.html;Paintroid is a graphical paint editor App that among others allowssetting parts of pictures to transparent insert Text  Images add Layersuse Color filling and picking tools rotate resize and positionelementsIt is also known as Pocket Paint it is associated to Catroid which islike Scratch but for Android;https://f-droid.org/repo/org.catrobat.paintroid_52.apk;This version requires Android 5.0 or newer.;https://github.com/Catrobat/Paintroid;https://jira.catrob.at/projects/PAINTROID/issues;2.12.0;view network connections <-> have full network access <-> read the contents of your shared storage <-> read image files from shared storage <-> modify or delete the contents of your shared storage <-> 
Camera Folder;https://f-droid.org/en/packages/de.k3b.android.camerafolder/index.html;When Camera Folder is installed any Android app thatcan open jpg files can also take a photo from cameraNote that Camera Folder has no user interface and nostart icon of its ownThe app is super tiny 016 MB;https://f-droid.org/repo/de.k3b.android.camerafolder_4.apk;This version requires Android 4.4 or newer.;https://github.com/k3b/CameraFolder;https://github.com/k3b/CameraFolder/issues;1.0.3;take pictures and videos <-> read the contents of your shared storage <-> modify or delete the contents of your shared storage <-> 
Elements;https://f-droid.org/en/packages/io.github.vendelin8.elements/index.html;Chinese zodiac has five elements wood fire earth metal and water You can find unlimited number of documents on these Chinese zodiac has three treasuresjing for the physical bodyqi for the horizontal world humans animals connections all kinds of energy eg breath and food communication etcshen for a connection with somewhat spiritualEvery day has an element that effects our life in many ways in all three levels This little app shows which onesThe rest is upon you You can find yourself a gurumasterconsultant who can calculate your own formula based on your birth date and check out how these effects impact youI take no responsibility if your life goes up or down based on this Use withattention and responsibility;https://f-droid.org/repo/io.github.vendelin8.elements_1003.apk;This version requires Android 5.0 or newer.;https://github.com/vendelin8/elements-flutter;https://github.com/vendelin8/elements-flutter/issues;1.0.0;
TIDY Text-to-Image Discovery;https://f-droid.org/en/packages/com.slavabarkov.tidy/index.html;Offline TexttoImage and ImagetoImage search on AndroidSearch for images in your Gallery by text description and other visually similar images TIDY works entirely offline ensuring your privacy and securityFeatures TexttoImage Search  Simply type in a description of the image you are looking for and TIDY will retrieve the most relevant matches from your local image library TexttoImage search functionality in TIDY goes beyond traditional keywordbased searches You can use longer and more detailed descriptions to find the exact image you have in mind ImagetoImage Search  Search for visually similar images by choosing a photo from your devices gallery TIDY will analyze the image and retrieve images with similar visual features allowing you to explore and discover new images in a whole new wayFirst launchDuring the first launch TIDY will need to scan through your photo library and create an index of your images This indexing process may take some time but its a onetime event Once this initial indexing process is complete the app will store the index on your device and any new photos you add to your photo library will be automatically added to the index on the subsequent app launches;https://f-droid.org/repo/com.slavabarkov.tidy_2.apk;This version requires Android 8.0 or newer.;https://github.com/slavabarkov/tidy;https://github.com/slavabarkov/tidy/issues;1.1;read the contents of your shared storage <-> read image files from shared storage <-> com.slavabarkov.tidy.DYNAMIC_RECEIVER_NOT_EXPORTED_PERMISSION <-> 
Simple Draw Pro;https://f-droid.org/en/packages/com.simplemobiletools.draw.pro/index.html;  Are you looking for the best drawing app for your pocket Do you want to draw something simple and easy but you have no paper You are in the right placeEnjoy the moment with our specially designed drawing app draw something fun and create your own artwork a all in a digital formSimple Draw is the best drawing app for anyone who loves to draw Just pick paint and drawPaint and draw simple sketches for funWith Simple Draw you will not be needed any fancy or advanced tools or filters for your favourite doodle or sketch Just use your creativity and freehand drawing to create the best sketches for your sketchbook Try why we are the best drawing app where anyone can scribble something simple with fun  Simple Draw features This popular sketchbook for quick sketch and painting provides many useful functionsai Draw something colourful simple sketch or doodle using a different paint and pen sizeai Changing the background colour or using an image from your sketchbook as the background ai Use an eraser if you took the wrong paintai Insert paint either by selecting it on a palette or by entering the colours hex codeai This simple sketchbook supports many different formats like PNG JPG or SVG vectorsai Share your paintings draws  sketches with friends through email or social networksai Simple Draw App works offline  onlineUse nothing else but your device and creativity to make some doodles and sketchesCreate your own sketchbook No matter what age or abilities you have the best drawing app offers a fun drawing experience Draw a sketch use your favourite paint and save your artwork in your own sketchbook With Simple Draw you can either draw new sketches from scratch or open some old artwork file from your sketchbook and just play around with new paints and colourBest drawing pad for your pocket Our freehand drawing app allows you a digital way to draw a sketch or doodle paint and explore the artist in youThis specially designed drawing app and sketchbook go where your creativity takes you from quick sketch to funny artwork So open the drawing pad paint and simply draw something nice Have a quick draw on our drawing pad whether you are on a journey or in a move enjoy the drawing experience and share your draws and sketches with your friends Fun at home a learn sketching Our most popular drawing app is perfectly usable either for kids and beginners or for a family with children to play some drawing games and to learn sketching After all everyone has a piece of the artist in himself Download our drawing app draw your favourite art and share it on the social network with your friendsDrawing for kids Drawing for kids is important and children are effective communicators and through drawings children learn to express their feelings and ideas freely With our digital drawing pad they can draw cars flowers dogs cats and other paintings and save them into the Gallery With Simple Draw you will create quick sketches or scribble something fun using just your creativity and imagination so just start drawing a doodle or sketch and share your love and joy for creating simple artIt comes with material design and dark theme by default provides great user experience for easy usage The lack of internet access gives you more privacy security and stability than other appsContains no ads or unnecessary permissions It is fully opensource provides customizable colorsCheck out the full suite of Simple Tools herehttpswwwsimplemobiletoolscomFacebookhttpswwwfacebookcomsimplemobiletoolsReddithttpswwwredditcomrSimpleMobileToolsTelegramhttpstmeSimpleMobileTools;https://f-droid.org/repo/com.simplemobiletools.draw.pro_82.apk;This version requires Android 6.0 or newer.;https://github.com/SimpleMobileTools/Simple-Draw;https://github.com/SimpleMobileTools/Simple-Draw/issues;6.9.6;read the contents of your shared storage <-> modify or delete the contents of your shared storage <-> 
MemeTastic;https://f-droid.org/en/packages/io.github.gsantner.memetastic/index.html; Simple Meme Creator  Completly adfree and adds no watermarksMemes can be created from image templates in MemeTastic pictures folder from pictures shared into the app and pictures from gallery  camera No internet connection required or usedThere are many meme customization options available Top  bottom caption Font  border text color Text size font and capitalization Padding size  color Rotate pictureMore Features Show saved memes  favorites Share into any app accepting picturesSupport the project a Translate using Stringlate a Join discussion on Matrix a More information about contributions;https://f-droid.org/repo/io.github.gsantner.memetastic_73.apk;This version requires Android 4.0 or newer.;https://github.com/gsantner/memetastic;https://github.com/gsantner/memetastic/issues;1.7.3;read the contents of your shared storage <-> modify or delete the contents of your shared storage <-> 
TIC-80;https://f-droid.org/en/packages/com.nesbox.tic/index.html;TIC80 is a fantasy video game console for makingplaying and sharing games on a limited platformthat mimics the 8bit systems of the 1980sIt has builtin code sprite map music and soundeffect editors as well as a command line interfacethat allow users to develop and edit games withinthe consoleThe games made in TIC80 can be exported as virtualgame cartridges and bundled for different platformsIt supports programming languages including JavaScriptMoonScript Lua Ruby Wren Fennel Squirrel and D;https://f-droid.org/repo/com.nesbox.tic_10100.apk;This version requires Android 7.0 or newer.;https://github.com/nesbox/TIC-80;https://github.com/nesbox/TIC-80/issues;1.01.00;pair with Bluetooth devices <-> connect to paired Bluetooth devices <-> have full network access <-> read the contents of your shared storage <-> control vibration <-> modify or delete the contents of your shared storage <-> 
LBalance;https://f-droid.org/en/packages/org.lufebe16.lbalance/index.html;LBalance is an app that uses the acceleration sensors of the deviceto move graphical objects on the screen LBalance can also be used asa protractor or spirit levelSeveral graphical representations have been implemented Besideown creations there are layouts inspired from the layout of knownsimilar appsThe different layouts can be switched by the user Alsoexists an overview display for direct selectionThe calibration of the angle display follows the pattern of simple appsof this kind and applies to each main orientation of the deviceseparately;https://f-droid.org/repo/org.lufebe16.lbalance_1021100.apk;This version requires Android 5.0 or newer.;https://github.com/lufebe16/lbalance;https://github.com/lufebe16/lbalance/issues;1.0;prevent phone from sleeping <-> 
Pix-EzViewer;https://f-droid.org/en/packages/com.perol.asdpl.play.pixivez.libre/index.html;this app requires an existing Pixiv account No registration in app A thirdparty Pixivnet Android client Android 50  with Multilingual support zhcn zhtw jajp enus Material 23 UI dark mode custom theme color Custom UI horizontal view topbottom navbar image filter batch download original size image preview zoom inout view history download history oneclick collection mode multiuser support aria multi thread downloader anti dnspollution support custom API endpoint config custom file naming save the information such as tags local image pid detection  batch rename enhanced search GIF play  save translation for content desc view add reply comments Pixivision supportauto private bookmark for restricted content seperate download folderand other enhancements for you to explore;https://f-droid.org/repo/com.perol.asdpl.play.pixivez.libre_118.apk;This version requires Android 5.0 or newer.;https://github.com/ultranity/Pix-EzViewer;https://github.com/ultranity/Pix-EzViewer/issues;118;view network connections <-> view Wi-Fi connections <-> have full network access <-> android.permission.MANAGE_EXTERNAL_STORAGE <-> read the contents of your shared storage <-> modify or delete the contents of your shared storage <-> com.perol.asdpl.play.pixivez.libre.DYNAMIC_RECEIVER_NOT_EXPORTED_PERMISSION <-> 
Watermarking;https://f-droid.org/en/packages/io.github.freewatermark.mobileapp/index.html;Your sensitive images should be watermarked before sending to someone to protect against exploitation by unkind or immoral people Security code is fully open source to be audited by the public and free to fork and modify no stats no share crash info no nonsense there are no networking involve so no images being sent or collect from the app to the internet UsesUse it however you want eg watermark your passport or id before sending it to someoneExample watermark webregistersomewebcom20260609 onto your passport before sending it for register at some website which requires your passport infoNote that this will reduce info being leaked and possibly knows where it might leaked from the web channel which you watermarked but cannot fully prevent someone from reupload or leaked it but at least u know it is from web channel and maybe on what actionregistersomewebcom you did from your phone or computer etc;https://f-droid.org/repo/io.github.freewatermark.mobileapp_7004.apk;This version requires Android 4.1 or newer.;https://github.com/free-watermark/mobile-app;https://github.com/free-watermark/mobile-app/issues;1.1.4;read the contents of your shared storage <-> io.github.freewatermark.mobileapp.DYNAMIC_RECEIVER_NOT_EXPORTED_PERMISSION <-> 
SuperImage;https://f-droid.org/en/packages/com.zhenxiang.superimage/index.html;SuperImage is a neural networkbased image upscaling build with the MNN deep learning framework and the RealESRGAN algorithmBy leveraging the power of your devices GPU SuperImage is able to upscale and restore the details of your images without uploading them to the internet keeping your data secure;https://f-droid.org/repo/com.zhenxiang.superimage_134.apk;This version requires Android 7.0 or newer.;https://github.com/Lucchetto/SuperImage;https://github.com/Lucchetto/SuperImage/issues;1.3.4;view network connections <-> view Wi-Fi connections <-> run foreground service <-> have full network access <-> show notifications <-> read the contents of your shared storage <-> prevent phone from sleeping <-> modify or delete the contents of your shared storage <-> com.zhenxiang.superimage.DYNAMIC_RECEIVER_NOT_EXPORTED_PERMISSION <-> 
LLCrop (loss less);https://f-droid.org/en/packages/de.k3b.android.lossless_jpg_crop/index.html;LLCrop allows you to either remove unwanted outer areas froma jpgphoto or to create zoominsSimply load a JPEG image from the inapp image browseradjust the rectangular selection rotate it if necessaryand save it as a new image fileWhile there are many apps capable of cropping images often withadditional features they generally cause quality loss becausethey reencode to JPEG again when saving the output fileLLCrop the LL stands for lossless cancrop JPEG images without quality lossbecause it crops the raw JPEG image without reencoding the fileIt also preserves embedded metadata EXIFIPTC and XMP;https://f-droid.org/repo/de.k3b.android.lossless_jpg_crop_10.apk;This version requires Android 4.4 or newer.;https://github.com/k3b/LosslessJpgCrop;https://github.com/k3b/LosslessJpgCrop/issues;1.3.0.230218;read the contents of your shared storage <-> modify or delete the contents of your shared storage <-> 
Coloring Book;https://f-droid.org/en/packages/eu.quelltext.coloring/index.html;A coloring book for kids at age two and aboveYou can choose a color and paint the animals plants and things with a simple tappingThere is a variety of colors and picturesYou can save the image on your device or share it via email and in social networksIf you send an image to this app it will be transformed to a coloring book image of black lines around white areasThis way you can add handdrawn pictures or color pictures of cars houses animals people and more in a comic style You can add new pictures to the app by placing them in the current saving locationAs you can choose from pictures you saved there your own added pictures will show up when a new picture can be chosenIf the images on the app are not enough you can choose from the online image galleryThis gallery is also open to you to contribute more images to the app;https://f-droid.org/repo/eu.quelltext.coloring_8.apk;This version requires Android 4.0 or newer.;https://github.com/niccokunzmann/coloring-book;https://github.com/niccokunzmann/coloring-book/issues;1.1.8;view Wi-Fi connections <-> expand/collapse status bar <-> have full network access <-> read the contents of your shared storage <-> This app can appear on top of other apps <-> modify or delete the contents of your shared storage <-> 
Kinoko[Manga Reader];https://f-droid.org/en/packages/com.ero.kinoko/index.html;Load the online comic content supported by any plugin project to provide a convenient online comic viewing experience Features Plugin support using git to manage plugins you can use the plugins provided by developers to browse the corresponding network resources or enter any git address to load the plugin Collections Add to favorites easy and quick viewing at any time Download manga download to local and browse at any time without internet Volume keys can be used to turn pages which can be easily turned with one hand Multiple browsing modes turning pages horizontally or vertically;https://f-droid.org/repo/com.ero.kinoko_101.apk;This version requires Android 4.2 or newer.;https://github.com/gsioteam/kinoko;https://github.com/gsioteam/kinoko/issues;4.3.9;have full network access <-> read the contents of your shared storage <-> run at startup <-> Schedule precisely timed actions <-> display notifications as full screen activities on a locked device <-> control vibration <-> prevent phone from sleeping <-> modify or delete the contents of your shared storage <-> 
OCR;https://f-droid.org/en/packages/io.github.subhamtyagi.ocr/index.html; OCRAn Android OCR app based on Tesseract that can recognize texts on imagesThis app is now basedSince v30 on Tesseract 5  and the first of android app which is based on Tesseract 5After downloading the Training data the app does everything offline on your deviceTranslate this app on Hosted Weblatehttpshostedweblateorgprojectsandroidocr Features Highest accuracy and fastest result Extract text from images Copy data to clipboard Select any part of the data Process multiple languages in single imageRequired changes in settings Based on latest Training Data 120 recognized languages 3 Type of data ie Standard best fast for more info click here Math recognitionequation detectionNot Tested yet Process images directly from the gallery on your device via the share menu Required Permissions Internet Downloading the training data Access Internet state To download the training data Note None of your data is sent to anywhere License Tesseract and Tesseract Data Apache 20 Tesseract4Android Apache 20 ImageCropper Apache 20 SpinnerDialog Apache 20Made possible by the Tesseract4Android libraryIf you want to use Tesseract 4 based version you can use the old version of this appBefore v30;https://f-droid.org/repo/io.github.subhamtyagi.ocr_12.apk;This version requires Android 4.3 or newer.;https://github.com/SubhamTyagi/android-ocr;https://github.com/SubhamTyagi/android-ocr/issues;4.0;view network connections <-> have full network access <-> io.github.subhamtyagi.ocr.DYNAMIC_RECEIVER_NOT_EXPORTED_PERMISSION <-> 
Krita;https://f-droid.org/en/packages/org.krita/index.html;Krita is a professional painting programIt is made by artists that want to see affordableart tools for everyoneIts designed primarily for digital painting and2D animation and features an OpenGLaccelerated canvascolour management support an advanced brush enginenondestructive layers and masks groupbased layermanagement vector artwork support and switchablecustomisation profilesNote android version of krita is optimized onlyfor tablets and may behave poorly on phone screens;https://f-droid.org/repo/org.krita_5011804.apk;This version requires Android 6.0 or newer.;https://invent.kde.org/graphics/krita;https://bugs.kde.org/;5.1.5;view network connections <-> run foreground service <-> have full network access <-> read the contents of your shared storage <-> modify or delete the contents of your shared storage <-> 
FreeDcam;https://f-droid.org/en/packages/troop.com.freedcam/index.html;FreeDCam is an OpenSource Camera App                                             Supported APIsCamera 1Camera 2PlayMemories Sony ILC WIFI Remote API                                           SONYSAMSUNG USERS       EVERY SAMSUNG AND SONY DEVICE WITH CAMERA1 IS EXCLUDED FROM RAW CAPTURESorry but those Manufacturers dont enable or break the rawstream only for the Xperia L they forgot itCMAOSP BASED ROMS ALSO UNSUPPORTED no guaranties                                           WIFI Camera API  playmemory                                                             Supported Devices                                    httpsdevelopersonycomdevelopcamerasdevicesupportSource httpsgithubcomKillerInkFreeDcam;https://f-droid.org/repo/troop.com.freedcam_282.apk;This version requires Android 4.0 or newer.;https://github.com/KillerInk/FreeDcam;https://github.com/KillerInk/FreeDcam/issues;4.3.82;access approximate location only in the foreground <-> access precise location only in the foreground <-> view network connections <-> view Wi-Fi connections <-> take pictures and videos <-> connect and disconnect from Wi-Fi <-> android.permission.HW_CAMCFG_SERVICE <-> have full network access <-> read the contents of your shared storage <-> record audio <-> prevent phone from sleeping <-> modify or delete the contents of your shared storage <-> com.huawei.camera.permission.PRIVATE <-> com.oneplus.camera.CAMERA_SERVICE <-> com.oneplus.camera.PICTURE_PROCESS_SERVICE <-> com.sonyericsson.permission.CAMERA_EXTENDED <-> huawei.android.permission.HW_SIGNATURE_OR_SYSTEM <-> 
Sketching (PFA);https://f-droid.org/en/packages/org.secuso.privacyfriendlysketching/index.html;Privacy Friendly Sketching lets you create and save simple sketches in aquick manner without having to endure ads or requiring additional permissionsSelect a background color or a background image and start drawing This appallows you to draw simple sketches in a matter of seconds to share with yourfriends A key feature of Privacy Friendly Sketching is ensuring the usersprivacy at all costs This means that every sketch is saved encrypted and thatthere are no permissions being required in order to use this appThere is only one optional permission that this app needs if you want to accessthe importexport functionality of this app with which you can import an imagefrom the device storage or export a sketch into the device storageFunctionalities Edit a sketch with various different colors thickness and transparency Undoredo the last action Zoom and Scrolling Select a background image or a background color for your sketch Export sketches as a PNG into the device storage Share sketches with your friends Gallery overview that shows all encrypted sketches;https://f-droid.org/repo/org.secuso.privacyfriendlysketching_2.apk;This version requires Android 5.0 or newer.;https://github.com/SecUSo/privacy-friendly-sketching;https://github.com/SecUSo/privacy-friendly-sketching/issues;1.1.0;view network connections <-> run foreground service <-> read the contents of your shared storage <-> run at startup <-> prevent phone from sleeping <-> modify or delete the contents of your shared storage <-> 
Send Reduced;https://f-droid.org/en/packages/mobi.omegacentauri.SendReduced/index.html;Take full resolution images with your camera and share them to this app whichwill reduce the size again before being sent Share via the gallery or via themessaging clientThis build is based on the basicfree version but enables the EXIF optionsavailable in the pro version Please support the author by buying the pro appfrom other sources;https://f-droid.org/repo/mobi.omegacentauri.SendReduced_2800.apk;This version requires Android 4.0 or newer.;https://github.com/arpruss/sendreduced;https://github.com/arpruss/sendreduced/issues;0.28;read the contents of your shared storage <-> modify or delete the contents of your shared storage <-> 
PixaPencil;https://f-droid.org/en/packages/com.therealbluepandabear.pixapencil/index.html;NOTE Newer versions are no longer opensource licensedPixaPencil is the number one open source pixel art editor for AndroidWhy you should try out PixaPencil Contains over 33 useful features 100 free of Google Play services 100 free of advertisements 100 commitment to open source;https://f-droid.org/repo/com.therealbluepandabear.pixapencil_26.apk;This version requires Android 8.0 or newer.;https://github.com/therealbluepandabear/PixaPencil_Classic;https://github.com/therealbluepandabear/PixaPencil_Classic/issues;0.1.8;have full network access <-> read the contents of your shared storage <-> modify or delete the contents of your shared storage <-> 
Pixel Filter;https://f-droid.org/en/packages/screen.dimmer.pixelfilter/index.html;Note THIS PROJECT IS ABANDONEDAndroid 8 disallows any app to draw over notification panel or navigation buttons so Pixel Filter cannot work properly on any newer phone and nothing can be done about thatCurrent bugs Add Poissondisc sampling algorithm for lulz Option to start on battery percentage Fix crashes when watching light level and rotating the phone Diagonal lines on some devices  autocalibrate bitmap offset using a screenshot Filter does not cover navigation buttons fully when the keyboard is shown;https://f-droid.org/repo/screen.dimmer.pixelfilter_24.apk;This version requires Android 4.2 or newer.;https://github.com/pelya/screen-dimmer-pixel-filter;https://github.com/pelya/screen-dimmer-pixel-filter/issues;2.4;run at startup <-> This app can appear on top of other apps <-> modify system settings <-> 
OCR (Tesseract);https://f-droid.org/en/packages/org.totschnig.ocr.tesseract/index.html;This app bundles OCR functionality based on Tesseract that can be called from other apps via Intents It listens for Intents with action orgtotschnigocractionRECOGNIZE and expects an Uri pointing to a JPEG file as data The recognized text is passed back in the extra result as an object of a parcelable data class Text that must be copied into the client appThis app is not intended to be useful standalone It was created out of the motivation to not blow up the size of an application that makes use OCR for a feature that is not needed by all users Currently it is used by My Expenses for scanning receiptsBefore you start using it you need to configure the language that Tesseract should use which triggers the download of the necessary trained models hence the need for INTERNET permission;https://f-droid.org/repo/org.totschnig.ocr.tesseract_7.apk;This version requires Android 4.1 or newer.;https://github.com/mtotschnig/OCR;https://github.com/mtotschnig/OCR/issues;2.3;have full network access <-> read the contents of your shared storage <-> 
NightLight light;https://f-droid.org/en/packages/com.gluege.nightlight/index.html;This is the simplest possible night light app for androidIt cycles colors on a full screen display After one hour the display turns offThe app is add and tracking free The app does not connect to any servers It uses only Android native libraries It is published under GPL 30;https://f-droid.org/repo/com.gluege.nightlight_2.apk;This version requires Android 5.0 or newer.;https://github.com/Ra-Na/NightLightApp;https://github.com/Ra-Na/NightLightApp/issues;1.0.0;
3D Model Viewer;https://f-droid.org/en/packages/org.andresoviedo.dddmodel2/index.html;Load 3D models and see how to do it with this open sourcecode applicationFeatures Supports  Android 401 Ice Cream Sandwich  Min API Level 14  Target API Level 28 OpenGL ES 20 API Formats OBJ wavefront STL STereoLithography  DAE ColladaBETA Calculation of normals Transformations scaling rotation translation Colors Textures Lighting Wireframe  points mode Holes Smoothing Bounding box Skybox Object pick Skeletal animations collada dae Ray collision detection Stereoscopic 3D anaglyph  cardboardCamera support Tap to select object Drag to move camera Rotate with 2 fingers to rotate camera Pinch  spread to zoom inout the cameraOther Texture loader Lightweight only 1 Megabyte File explorer;https://f-droid.org/repo/org.andresoviedo.dddmodel2_31.apk;This version requires Android 4.1 or newer.;https://github.com/the3deers/android-3D-model-viewer;https://github.com/the3deers/android-3D-model-viewer/issues;31;have full network access <-> read the contents of your shared storage <-> 
Fluffyboard;https://f-droid.org/en/packages/pro.oblivioncoding.fluffy_board/index.html;Fluffyboard is a open source free and selfhostable Whiteboard ApplicationFeatures Online Whiteboards Offline Whiteboards Downloading and Uploading Whiteboards Import and export Whiteboardss Organizing Whiteboards in Folders Sharing online Whiteboards with readonly and write Permissions Drawing lines Highlighting Drawing Straight Lines and Arrows Drawing Rects Triangles and Circles Adding Text Uploading Images Importing PDF Changing Background Settings sync Adding bookmarks Changing Toolbar location;https://f-droid.org/repo/pro.oblivioncoding.fluffy_board_33112291.apk;This version requires Android 4.4 or newer.;https://github.com/Y0ngg4n/fluffy_board;https://github.com/Y0ngg4n/fluffy_board/issues;0.0.12;have full network access <-> read the contents of your shared storage <-> 
PxerStudio;https://f-droid.org/en/packages/com.benny.pxerstudio/index.html;An opensource pixel drawing tool for AndroidFeatures Canvas zooming and moving two fingers Layer support Grid support Unlimited undo and redo Color picker with an alpha channel Various tools bucket fill eraser rectangle pen line eyedropper Create canvas size up to 128 x 128 Exportable to GIF PNG sprite atlas folder Support for multiple projects;https://f-droid.org/repo/com.benny.pxerstudio_9.apk;This version requires Android 4.1 or newer.;https://github.com/BennyKok/PxerStudio;https://github.com/BennyKok/PxerStudio/issues;1.2.0;read the contents of your shared storage <-> modify or delete the contents of your shared storage <-> 
LeafPic Revived;https://f-droid.org/en/packages/com.alienpants.leafpicrevived/index.html;Note This app is no longer developedAdvanced replacement for the default image galleryLeafPic Revived is a fluid materialdesigned alternative gallery Itdoesnt miss any of the main features of a stock gallery and we also haveplans to add more useful featuresNOTE The original LeafPic is abandondedhttpsgitlabcomHoraAppsLeafPicissues605note155379129 This is a copyof the GitLab source code updated to AndroidX with some elements removed;https://f-droid.org/repo/com.alienpants.leafpicrevived_24.apk;This version requires Android 5.0 or newer.;https://github.com/apcro/leafpicrevived;https://github.com/apcro/leafpicrevived/issues;v0.8.7;view network connections <-> have full network access <-> read the contents of your shared storage <-> run at startup <-> use fingerprint hardware <-> modify or delete the contents of your shared storage <-> install shortcuts <-> 
Acrylic Paint;https://f-droid.org/en/packages/anupam.acrylic/index.html;Acrylic Paint is a coloring tool based on the FingerPaint project taken from APIdemos;https://f-droid.org/repo/anupam.acrylic_19.apk;This version requires Android 4.0 or newer.;https://gitpull.it/source/acrylic-paint/;https://github.com/valerio-bozzolan/AcrylicPaint/issues;2.4.1;read the contents of your shared storage <-> modify or delete the contents of your shared storage <-> 
Open Note Scanner;https://f-droid.org/en/packages/com.todobom.opennotescanner/index.html;With Open Note Scanner you can capture documents handwritten notes artsshopping receipts etcetera It will automatically adjust the image aspectcontrast and save it It will allow browsing view and share the scanneddocumentsIt also supports the automatic scan of preformatted pages with QR Code andaction indicators PDF file with the pages are available on the applicationwebsite in the releases sectionIn order to work Open Note Scanner needs to have access to the OpenCV Managerapplication installed If it could not find it it will offer to download itfrom GitHub or Play Store It is also possible to manualy install it from theOpenCV SDK for Android available on httpsopencvorg;https://f-droid.org/repo/com.todobom.opennotescanner_35.apk;This version requires Android 5.0 or newer.;https://github.com/allgood/OpenNoteScanner;https://github.com/allgood/OpenNoteScanner/issues;1.0.35-fdroid;view network connections <-> take pictures and videos <-> have full network access <-> read the contents of your shared storage <-> request install packages <-> modify or delete the contents of your shared storage <-> 
AsciiCam;https://f-droid.org/en/packages/com.dozingcatsoftware.asciicam/index.html;NOTE AsciiCam is no longer under active development Its successor isVector Camera which has all of AsciiCams featuresAsciiCam generates images in real time from whatever your camera is pointing ateither in greyscale in the primary colors or in full color Instead of a normalimage made of pixels each area will have a coloured letter of the latinalphabet or another ASCII characterYou can also create ASCII versions of pictures in your gallery and optionallyhave ASCII versions automatically generated every time you take a picture withthe standard camera app;https://f-droid.org/repo/com.dozingcatsoftware.asciicam_16.apk;This version requires Android 2.3 or newer.;https://github.com/dozingcat/AsciiCam;https://github.com/dozingcat/AsciiCam/issues;1.2.4;take pictures and videos <-> read the contents of your shared storage <-> modify or delete the contents of your shared storage <-> 
A Photo Manager;https://f-droid.org/en/packages/de.k3b.android.androFotoFinder/index.html;Features Fast find photos by tagskeywords subfolder date geo  title  Display result in gallery or geographic map from openstreetmap Filemanagement copy move rename delete send Incremental Photo Backup   Support for Virtual Albums Edit exif metadata date title description tagskeywords geo rating  AutoProcessing  onmove automatically rename photofiles andor add metadata Can handle big image collections 20000 images in 1000 folders Small memory footprint 15 MB Works on old lowmemory android 40 devices Uses Androids image contentprovider No initial image scan neccessary Extended photo media scanner for Exif IPTC XMPPrivacy Can hide photos from other galleryappsimagepickers Vault mode If enabled unwanted photos cannot be seen and dangerous operations ie delete are prohibited This way you can safely hand over your device to someone else Photos are kept on local device No upload to third party No adds no usertracking free open source available on fdroidRequired Android Permissions INTERNET to download map data from Open Streetmap Server ACCESSNETWORKSTATE and ACCESSWIFISTATE to find out if wifiinternet is online to start downloaded geodata WRITEEXTERNALSTORAGE to cache downloaded map data in local file system and to do file operations with the photos READLOGS to read and save potential crashlogs to a textfile;https://f-droid.org/repo/de.k3b.android.androFotoFinder_47.apk;This version requires Android 4.0 or newer.;https://github.com/k3b/APhotoManager;https://github.com/k3b/APhotoManager/issues;0.8.3.200315;view network connections <-> view Wi-Fi connections <-> have full network access <-> read the contents of your shared storage <-> android.permission.READ_LOGS <-> modify or delete the contents of your shared storage <-> 
Zen;https://f-droid.org/en/packages/zen.meditation.android/index.html;Paint with your fingers and listen to the relaxing music taking the control of your mind while beautiful flowers are being created by a magical experienceJust use it for a few minutes and you will feel like a buddhist monk Nirvana was never so close;https://f-droid.org/repo/zen.meditation.android_1644109.apk;This version requires Android 4.1 or newer.;https://github.com/juankysoriano/Zen;https://github.com/juankysoriano/Zen/issues;1.0.9;view network connections <-> have full network access <-> read the contents of your shared storage <-> modify or delete the contents of your shared storage <-> 
Piwigo;https://f-droid.org/en/packages/org.piwigo.android/index.html;Piwigo is a native Android Application for the free and open source photo hosting platform Piwigo With this app you can browse you selfhosted gallery and upload photos from your smart devicePiwigo is built by an active community of users and developersPiwigo empowers you to create your own photo gallery on the web and includes many powerful features such as albums tags geolocation many levels of customization upload by visitors privacy calendar or statistics;https://f-droid.org/repo/org.piwigo.android_102.apk;This version requires Android 4.1 or newer.;https://github.com/Piwigo/Piwigo-Android;https://github.com/Piwigo/Piwigo-Android/issues;1.0.2;view network connections <-> android.permission.AUTHENTICATE_ACCOUNTS <-> find accounts on the device <-> have full network access <-> android.permission.MANAGE_ACCOUNTS <-> read the contents of your shared storage <-> android.permission.USE_CREDENTIALS <-> 
MotionEye Client for Android;https://f-droid.org/en/packages/com.developerfromjokela.motioneyeclient/index.html;Android Motioneye Client App using Backend of motionEyeWhy using this instead other client apps    Its fast because you are not loading HTML and CSS at all    Using ONLY motionEye Backend which is faster than Webviews    Auto DDNS and Local switching which will increase Video framerate and quality in local Wifi newtork    Fullscreen supportFeatures    Auto DDNS and Local Network Switching    Using ONLY motionEye Backend    Mulitple Devices and Cameras    Fullscreen;https://f-droid.org/repo/com.developerfromjokela.motioneyeclient_10000008.apk;This version requires Android 4.0.3 or newer.;https://github.com/developerfromjokela/motioneye-client;https://github.com/developerfromjokela/motioneye-client/issues;1.0.0-alp9;view network connections <-> view Wi-Fi connections <-> connect and disconnect from Wi-Fi <-> have full network access <-> 
Screenshot Assistant;https://f-droid.org/en/packages/de.beatbrot.screenshotassistant/index.html;Screenshot assistant is a replacement for Google Assistant with the sole purpose of taking cropping and sharing a screenshot Setup instructions1 Install the app2 Set it as assistant via Apps  Default Apps  Assist app3 Trigger Google Assistant Features Screenshot with adjustable quality and image format Tight system integration via Assist API No permission needed No storage used up by old screenshots;https://f-droid.org/repo/de.beatbrot.screenshotassistant_3.apk;This version requires Android 6.0 or newer.;https://github.com/beatbrot/ScreenshotAssistant;https://github.com/beatbrot/ScreenshotAssistant/issues;2.0.1;
Atomize;https://f-droid.org/en/packages/com.wrmndfzzy.atomize/index.html;Atomize can shrink the file size of an image significantly often by as much as70 and maintains an images transparency with little to no loss in qualityAtomize uses pngquant as its backend and is fully opensource;https://f-droid.org/repo/com.wrmndfzzy.atomize_1.apk;This version requires Android 5.0 or newer.;https://github.com/wrmndfzzy/Atomize;https://github.com/wrmndfzzy/Atomize/issues;1.0;read the contents of your shared storage <-> modify or delete the contents of your shared storage <-> 
Stop-o-Moto;https://f-droid.org/en/packages/de.digisocken.stop_o_moto/index.html;This simple app creates videos MP4 and GIF files from several camera shots and stores them under Documentsdedigisockenstopomoto on your deviceStopoMoto uses the open ffmpegAndroid lib to create compatible video files;https://f-droid.org/repo/de.digisocken.stop_o_moto_95.apk;This version requires Android 4.4 or newer.;https://gitlab.com/deadlockz/caputhown;https://gitlab.com/deadlockz/caputhown/issues;0.95;take pictures and videos <-> read the contents of your shared storage <-> modify or delete the contents of your shared storage <-> 
Pixel Artist;https://f-droid.org/en/packages/rodrigodavy.com.github.pixelartist/index.html;Give you a pixel grid which you can color any way you like Allows you tocreate save open and export your pixel art;https://f-droid.org/repo/rodrigodavy.com.github.pixelartist_4.apk;This version requires Android 4.1 or newer.;https://github.com/RodrigoDavy/PixelArtist;https://github.com/RodrigoDavy/PixelArtist/issues;3.1;read the contents of your shared storage <-> modify or delete the contents of your shared storage <-> 
Monochromatic;https://f-droid.org/en/packages/uk.co.richyhbm.monochromatic/index.html;This app makes use of the builtin black and white device feature to providea bluelight filtered screen without the use of an overlay screen to helprelax your eyes at night and disincentivise phone usage;https://f-droid.org/repo/uk.co.richyhbm.monochromatic_17.apk;This version requires Android 5.0 or newer.;https://github.com/RichyHBM/Monochromatic;https://github.com/RichyHBM/Monochromatic/issues;0.8.1;run foreground service <-> android.permission.PACKAGE_USAGE_STATS <-> run at startup <-> android.permission.WRITE_SECURE_SETTINGS <-> modify system settings <-> 
Secure photo viewer;https://f-droid.org/en/packages/com.gtp.showapicturetoyourfriend/index.html;To be used whenever you are showing off pictures to your phone Prevents someoneseeing what they are not supposed to or doing anything to your phone Start theapp by sharing pictures or videosThis app is here to protect you from you friends and enemies Have you everhanded over your phone to show someone the latest meme Or a cool pic you tookHow often did they scroll too far and have seen something embarrassing in yourgallery or image browserNow we have a solution Select the pictures you want them to see in yourgallery press share and select the Secure Photo Viewer Now they will only seewhat you want them to see It works with any amount of photos or videos youshare from you gallery Its that easy to protect your privacy from nosyfriends;https://f-droid.org/repo/com.gtp.showapicturetoyourfriend_5.apk;This version requires Android 4.0.3 or newer.;https://github.com/Somethingweirdhere/Secure-Photo-Viewer;https://github.com/Somethingweirdhere/Secure-Photo-Viewer/issues;1.4;read the contents of your shared storage <-> prevent phone from sleeping <-> modify or delete the contents of your shared storage <-> 
Character Recognition;https://f-droid.org/en/packages/org.atai.TessUI/index.html;OCR software based on Tesseractlibrary to perform character recognition on images selected from the gallery orcaptured from the camera Recognition results can be edited or copied forexport;https://f-droid.org/repo/org.atai.TessUI_16.apk;This version requires Android 4.0 or newer.;https://gitlab.com/character-recognition/character-recognition/tree/HEAD;https://gitlab.com/character-recognition/character-recognition/issues;0.3.10;take pictures and videos <-> have full network access <-> read the contents of your shared storage <-> modify or delete the contents of your shared storage <-> 
Camera Roll;https://f-droid.org/en/packages/us.koller.cameraroll/index.html;Note this app is no longer maintained its repo was archivedCamera Roll is the perfect Gallery App to enjoy your photos gifs and videosFast Simple and intuitveCamera Roll features a simple and intuitve interface that doesnt get in theway This App is designed around speed and performanceDelightful AnimationsThis Gallery App will delight you with its awsome and beautiful AnimationsExif DataWith Camera Roll you can see and edit the ExifData of your picturesHidden FolderThis Gallery App is able to show and help you clean up your hidden FoldersFile ExplorerEasily view the folders on your storage or SD Card You are able to quicklycopy move and delete photos or directories;https://f-droid.org/repo/us.koller.cameraroll_36.apk;This version requires Android 4.4 or newer.;https://github.com/kollerlukas/Camera-Roll-Android-App;https://github.com/kollerlukas/Camera-Roll-Android-App/issues;v1.0.6;read the contents of your shared storage <-> set wallpaper <-> modify or delete the contents of your shared storage <-> 
pixelflood;https://f-droid.org/en/packages/de.lihotzki.pixelflood/index.html;A fast asynchronous implementation of PixelflutPixelflut is a textbased protocol With its PX command a single pixel can beset on a bufferThis app opens the TCP server on port 1234 and displays the buffer full screen;https://f-droid.org/repo/de.lihotzki.pixelflood_10003.apk;This version requires Android 5.0 or newer.;https://github.com/lukaslihotzki/pixelflood;https://github.com/lukaslihotzki/pixelflood/issues;1.0.3;view network connections <-> have full network access <-> 
Velocity Calculator;https://f-droid.org/en/packages/ch.jiikuy.velocitycalculator/index.html;NOTE This app is no longer maintained its repo was archivedCalculates the speed of an object in a video It needs to get calibrated oncebefore you can use it The video must follow the following terms It should not be shorter than 1 second The camera should not move The object must be visible at the start and the end of the videoFull documentation;https://f-droid.org/repo/ch.jiikuy.velocitycalculator_6.apk;This version requires Android 4.0 or newer.;https://github.com/jiikuy/velocitycalculator;https://github.com/jiikuy/velocitycalculator/issues;1.3.1;
SwpieView;https://f-droid.org/en/packages/org.voidptr.swpieview/index.html;SwpieView is a minimalist image viewer that aims for good GIF support It canshow a directory of images in gallery mode swiping left or right betweenimages or display a single image if called from an external application Itsupports pauseplay of GIFs and a slideshow mode;https://f-droid.org/repo/org.voidptr.swpieview_15.apk;This version requires Android 5.0 or newer.;https://github.com/err4nt/SwpieView;https://github.com/err4nt/SwpieView/issues;1.3.2;read the contents of your shared storage <-> modify or delete the contents of your shared storage <-> 
Quick Draw Everywhere;https://f-droid.org/en/packages/com.tomer.draw/index.html;Quickly draw anywhere on your screen using a floating bubble and a simple yetpowerful drawing canvasThe app will create a popup icon clicking that icon will open a drawing areaDraw and sketch in the provided area when you are done click the save buttonFeatures Save and view images Drawerase Undo button;https://f-droid.org/repo/com.tomer.draw_100.apk;This version requires Android 4.1 or newer.;https://github.com/rosenpin/QuickDrawEverywhere;https://github.com/rosenpin/QuickDrawEverywhere/issues;1.9;read the contents of your shared storage <-> This app can appear on top of other apps <-> modify or delete the contents of your shared storage <-> 
LeafPic;https://f-droid.org/en/packages/org.horaapps.leafpic/index.html;Note This app is no longer developed comalienpantsleafpicrevived is a fork that continues developmentAdvanced replacement for the default image galleryLeafPic is a fluid materialdesigned alternative gallery It doesnt missany of the main features of a stock gallery and we also have plans to add moreuseful features;https://f-droid.org/repo/org.horaapps.leafpic_13.apk;This version requires Android 4.4 or newer.;https://gitlab.com/HoraApps/LeafPic;https://gitlab.com/HoraApps/LeafPic/issues;13;have full network access <-> read the contents of your shared storage <-> modify or delete the contents of your shared storage <-> install shortcuts <-> com.android.vending.BILLING <-> 
Barcodegen;https://f-droid.org/en/packages/de.cryptobitch.muelli.barcodegen/index.html;You can generate any barcode that zbar supports The list of supported barcodesinclude the popular 2D QR code but also Aztec and others Popular 1D barcodesare EAN13 or CODE128Features Generate random barcode when clicking on the image Generate barcode from entered text Select type of barcode to be generated;https://f-droid.org/repo/de.cryptobitch.muelli.barcodegen_2.apk;This version requires Android 4.4 or newer.;https://gitlab.com/muelli/barcodegen/tree/HEAD;https://gitlab.com/muelli/barcodegen/issues;0.2;take pictures and videos <-> 
Micopi+;https://f-droid.org/en/packages/com.easytarget.micopi/index.html;NOTE This app is no longer maintainedAllows you to assign an image to every person in your telephones contact listSo if you do not happen to have a decent photo of them you can use the app tosimply generate one Micopi does not use a random number generator to createthese images It exclusively uses contact data such as the name the telephonenumber or the email address and turns these into geometric figures and coloursThis way all of your contacts have their unique image This app has beenthoroughly tested but we recommend making a backup of your most precious contactpictures just in case;https://f-droid.org/repo/com.easytarget.micopi_32.apk;This version requires Android 4.0 or newer.;https://github.com/easytargetmixel/micopi_android;https://github.com/easytargetmixel/micopi_android/issues;3.6.11;read your contacts <-> read the contents of your shared storage <-> modify your contacts <-> modify or delete the contents of your shared storage <-> 
GfxTablet;https://f-droid.org/en/packages/at.bitfire.gfxtablet/index.html;NOTE This app is no longer maintainedGfxTablet makes it possible to use your device especially tablets like agraphics tablet sending touch data including pressure to any compatibleeg GNULinux computer Requires running the uinput driver on your PC seewebsite for detailsFeatures Draw and Paint in all of your Desktop applications ie GIMP 10000 pressure sensitivity levels Navigate the DesktopPC display by hovering it with your Stylus Pen Switch to StylusPen only painting no interruption by your touching the device with your hand Display mapping your device screen will be scaled to map your Desktop PC resolution Native fullscreen drawing mode Enhanced grid on your canvas to help with positioning Load an image template to your canvas to learn drawing Wireless connection via WiFi Low network traffic 3 kBs Realtime painting;https://f-droid.org/repo/at.bitfire.gfxtablet_5.apk;This version requires Android 4.0 or newer.;https://github.com/rfc2822/GfxTablet;https://github.com/rfc2822/GfxTablet/issues;1.4;have full network access <-> read the contents of your shared storage <-> 
ChronoSnap;https://f-droid.org/en/packages/com.nathanosman.chronosnap/index.html;Capture a sequence of photos at regular intervalsFeatures Customize the capture interval Set a limit on the number of images captured Capture images with the screen turned off Persistent notification during capture Interface uses material design guidelines;https://f-droid.org/repo/com.nathanosman.chronosnap_6.apk;This version requires Android 4.0.3 or newer.;https://github.com/nathan-osman/chronosnap;https://github.com/nathan-osman/chronosnap/issues;1.0.5;take pictures and videos <-> read the contents of your shared storage <-> modify or delete the contents of your shared storage <-> 
Photographer's Notebook;https://f-droid.org/en/packages/unisiegen.photographers.activity/index.html;Photographers Notebook is an app to store and manage metadata of analoguephotos It is meant to replace the usual paperbased notebooks photographers useto document camera settings in analogue photography;https://f-droid.org/repo/unisiegen.photographers.activity_11.apk;This version requires Android 2.2 or newer.;https://bitbucket-archive.softwareheritage.org/projects/sd/sdraxler/photographers-notebook.html;None;Beta v6.4;access precise location only in the foreground <-> read the contents of your shared storage <-> 
Coloring for Kids;https://f-droid.org/en/packages/org.androidsoft.coloring/index.html;Lets your child simply paint with its fingers He just have to choose atemplate pickup colors on the palette and draw with a little tap The drawingscan be saved on the device and shared by mail or using social networks;https://f-droid.org/repo/org.androidsoft.coloring_2.apk;This version requires Android 3.0 or newer.;https://github.com/androidsoft-org/androidsoft-coloring;https://github.com/androidsoft-org/androidsoft-coloring/issues;1.0.1;read the contents of your shared storage <-> modify or delete the contents of your shared storage <-> 
Meme Creator;https://f-droid.org/en/packages/cs4295.memecreator/index.html;Simply use any image to make your own meme;https://f-droid.org/repo/cs4295.memecreator_1.apk;This version requires Android 4.0.3 or newer.;https://github.com/jasonycw/MemeCreator;https://github.com/jasonycw/MemeCreator/issues;1.0;have full network access <-> read the contents of your shared storage <-> modify or delete the contents of your shared storage <-> 
DeadPixel;https://f-droid.org/en/packages/com.code61.deadpixel/index.html;Identify dead or stuck pixels by selecting a color to find incorrect pixels onyour display tap on the screen to change color;https://f-droid.org/repo/com.code61.deadpixel_2.apk;This version requires Android 1.5 or newer.;https://github.com/SrpMtt/DeadPixel;https://github.com/SrpMtt/DeadPixel/issues;1.0;read the contents of your shared storage <-> read phone status and identity <-> modify or delete the contents of your shared storage <-> 
Effects Pro;https://f-droid.org/en/packages/org.appsroid.fxpro/index.html;Practical and easytouse tool for applying filters to images Several filterscan be applied and undone even one by one It tries to maintain maximum imagequalitySupported filters are BoostUp Colors Brightness Color Depth Color FilterContrast Emboss Flip and Rotation Gamma Gaussian Blur Grayscale HueInvert Noise Saturation Sepia Sharpen Sketch Tint Vignette;https://f-droid.org/repo/org.appsroid.fxpro_1.apk;This version requires Android 2.3 or newer.;https://github.com/yaa110/Effects-Pro;https://github.com/yaa110/Effects-Pro/issues;1.1.0;read the contents of your shared storage <-> control vibration <-> modify or delete the contents of your shared storage <-> 
Simple Reflected Light Meter;https://f-droid.org/en/packages/com.gmail.mugcuposup.android/index.html;Use the devices camera to calculate proper exposure;https://f-droid.org/repo/com.gmail.mugcuposup.android_1.apk;This version requires Android 2.1 or newer.;https://github.com/mugcupsoup/SimpleReflectedLightMeter;https://github.com/mugcupsoup/SimpleReflectedLightMeter/issues;1.0;take pictures and videos <-> 
Markers;https://f-droid.org/en/packages/org.dsandler.apps.markers/index.html;Uses the multitouch and pressure sensitivity of capactive screens but there aredifferences in screen technology so please see the website if you experienceproblemsA tutorial on the website shows how to simulate layers;https://f-droid.org/repo/org.dsandler.apps.markers_56.apk;This version requires Android 2.0 or newer.;https://github.com/dsandler/markers;https://github.com/dsandler/markers/issues;1.2.3;read the contents of your shared storage <-> modify or delete the contents of your shared storage <-> 
DefCol;https://f-droid.org/en/packages/com.wentam.defcol/index.html;Allows you to create palettes color swatchesschemes with the radial paletteand edit them with a color picker The color picker will also scale to the sizeof your screen You can also connect DefCol to your computer to make thosepalettes useful;https://f-droid.org/repo/com.wentam.defcol_6.apk;This version requires Android 3.0 or newer.;https://github.com/wentam/DefCol;https://github.com/wentam/DefCol/issues;0.9.10;view Wi-Fi connections <-> have full network access <-> read the contents of your shared storage <-> modify or delete the contents of your shared storage <-> 
Quill;https://f-droid.org/en/packages/com.write.Quill/index.html; Active pen digitizer support on ThinkPad Tablet HTC Jetstream and HTC Flyer Galaxy Note Very fast response to pen strokes Fountain pen mode supports pen pressure data more pressure  thicker line requires active pen Pinchtozoom Doublefinger tap to zoom Twofinger move gesture Pen strokes are vector art zoom does not pixelate your writing Pen only mode optional disables touch input while writing Android 3x hardware accelerated graphics PDF export save to SD card Evernote Share PNG raster image export Can backuprestore your data RuledQuad background paper Tagging for pages so you can group them together Switch between multiple notebooks Undoredo;https://f-droid.org/repo/com.write.Quill_41.apk;This version requires Android 3.0 or newer.;https://code.google.com/p/android-quill/source;None;10.7;android.permission.AUTHENTICATE_ACCOUNTS <-> find accounts on the device <-> have full network access <-> read your contacts <-> read the contents of your shared storage <-> android.permission.READ_PROFILE <-> modify or delete the contents of your shared storage <-> 
Rage Maker;https://f-droid.org/en/packages/com.tmarki.comicmaker/index.html;See the README about usage Flexible number of panels 120 Pan and zoom the comic canvas as well as image elements Undo and redo your moves Different text styles and sizes Save and share your creations Use drafts to save comics in progress Draw straight lines or free curves with different brush sizes and colors Keyboard shortcuts Over 200 builtin ragememe faces;https://f-droid.org/repo/com.tmarki.comicmaker_33.apk;This version requires Android 2.0 or newer.;https://github.com/tmarki/android-rage-maker;https://github.com/tmarki/android-rage-maker/issues;1.5.4;view network connections <-> have full network access <-> read the contents of your shared storage <-> modify or delete the contents of your shared storage <-> 
MemoPad;https://f-droid.org/en/packages/org.zakky.memopad/index.html;Simple drawing app with dual canvases variable line width canvas and pencolours;https://f-droid.org/repo/org.zakky.memopad_3.apk;This version requires Android 2.1 or newer.;https://github.com/zaki50/MemoPad;https://github.com/zaki50/MemoPad/issues;1.0.2;read the contents of your shared storage <-> modify or delete the contents of your shared storage <-> 
Scribbler;https://f-droid.org/en/packages/com.gmail.altakey.effy/index.html;This app could be useful if you were doing a presentation with a phone perhapswith a projector and needed to draw on top of the display;https://f-droid.org/repo/com.gmail.altakey.effy_9.apk;This version requires Android 2.2 or newer.;https://github.com/taky/effy;https://github.com/taky/effy/issues;0.1.8;
Pixelesque;https://f-droid.org/en/packages/com.rj.pixelesque/index.html;The Pencil tool draws lines and the eraser removes them The shapes tool allowsyou to use a paint bucket rectangle line and circle tools Two finger drag andzoom anywhere to navigate large images Theres a full undoredo stack as wellas a color picker with history hsv rgb and hexThe canvas can be resized when a new canvas is chosen The artwork is licensedunder CCBYNC while the source code is under BSD3Clause license;https://f-droid.org/repo/com.rj.pixelesque_7.apk;This version requires Android 2.2 or newer.;https://github.com/rjmarsan/Pixelesque;https://github.com/rjmarsan/Pixelesque/issues;1.2.01;read the contents of your shared storage <-> modify or delete the contents of your shared storage <-> 
Droid Draw;https://f-droid.org/en/packages/com.xatik.app.droiddraw.client/index.html;Control a pen holding Android and create complex shapes using part of the LOGOprogramming language Not sure what Turtle Graphics and LOGO programming is Theoriginal Turtle Graphics allowed a user to enter commands which represented whatwould be drawn out out on a Cartesian plane Droid Draw brings this samefunctionality to Android usersNot sure what to do Make sure to check out the help section in the app or visitthe website There is information on how to use the app and what every commanddoes;https://f-droid.org/repo/com.xatik.app.droiddraw.client_4.apk;This version requires Android 2.2 or newer.;https://bitbucket.org/XatikGroup/droiddraw/src;https://bitbucket.org/XatikGroup/droiddraw/issues;1.0.0;read the contents of your shared storage <-> set wallpaper <-> prevent phone from sleeping <-> modify or delete the contents of your shared storage <-> 
AndroSS;https://f-droid.org/en/packages/net.tedstein.AndroSS/index.html;Take screen captures Root is required on nonTegra devices Android 4 allowsscreenshots usually by holding Volume Down and the Power button but earlierversions of Android need root by design;https://f-droid.org/repo/net.tedstein.AndroSS_17.apk;This version requires Android 2.1 or newer.;https://github.com/tstein/AndroSS;https://github.com/tstein/AndroSS/issues;0.4.3;read the contents of your shared storage <-> control vibration <-> modify or delete the contents of your shared storage <-> 
